success_rate,success_time_mean,success_time_std,frequency_mean,frequency_std
2.000000000000000000e+01,8.684999465942382812e+00,4.136117935180664062e+00,6.954666900634765625e+01,1.828447282314300537e-01
