success_rate,success_time_mean,success_time_std,frequency_mean,frequency_std
4.800000000000000000e+01,1.727583312988281250e+01,9.734087944030761719e+00,6.942826080322265625e+01,1.645970046520233154e-01
