success_rate,success_time_mean,success_time_std,frequency_mean,frequency_std
3.333333333333333481e+00,1.253399963378906250e+02,0.000000000000000000e+00,1.719128608703613281e+01,1.315422654151916504e-01
