{
  "task_name": "ant",
  "controller_names": [
    "MPPI",
    "MPPI Density",
    "MPPI Memory",
    "MPPI Density + Memory"
  ],
  "config": {
    "horizons": [
      0.5,
      0.8888888888888888,
      1.2777777777777777,
      1.6666666666666667,
      2.0555555555555554,
      2.4444444444444446,
      2.8333333333333335,
      3.2222222222222223,
      3.611111111111111,
      4.0
    ],
    "num_samples_list": [
      128,
      341,
      554,
      768,
      981,
      1194,
      1408,
      1621,
      1834,
      2048
    ],
    "sweep_horizon_for_samples": 2.0,
    "num_trials": 30,
    "frequency": 50.0,
    "goal_threshold": 0.5,
    "max_iterations": 10000,
    "record_video": false,
    "video_trial_index": 0,
    "output_tag": "thesis",
    "pretrain_weights_dir": "/home/taowei/Documents/mppi_research/MPPI-Explore/benchmark/senior_thesis_benchmarks/saved_pretrain_weights",
    "controller_params": {
      "shared": {
        "noise_level": 0.3,
        "temperature": 1e-05,
        "num_knots": 16,
        "num_samples_default": 1024
      },
      "staged": {
        "num_knots_per_stage": 4,
        "kde_bandwidth": 0.1,
        "inverse_density_power": 0.5,
        "state_dim": 2,
        "state_source_field": "qpos"
      },
      "memory": {
        "memory_grid_min": -10.0,
        "memory_grid_max": 10.0,
        "hashgrid_num_levels": 8,
        "hashgrid_table_size": 4096,
        "hashgrid_min_resolution": 40.0,
        "hashgrid_max_resolution": 80.0,
        "online_learning_rate": 0.001,
        "online_update_epochs": 1,
        "online_batch_size": 2,
        "online_anchor_samples": 0,
        "online_new_state_weight": 1.0,
        "goal_value": 0.0,
        "goal_weight": 2000.0
      },
      "pretraining": {
        "pretrain_sample_count": 100000,
        "pretrain_epochs": 101,
        "pretrain_batch_size": 512,
        "pretrain_learning_rate": 0.01,
        "pretrain_target_scale": 1.0
      }
    },
    "parallel": "all",
    "max_workers": "20",
    "num_gpus": 2
  },
  "horizons": [
    0.5,
    0.8888888955116272,
    1.2777777910232544,
    1.6666666269302368,
    2.055555582046509,
    2.444444417953491,
    2.8333332538604736,
    3.222222328186035,
    3.6111111640930176,
    4.0
  ],
  "num_samples_list": [
    128,
    341,
    554,
    768,
    981,
    1194,
    1408,
    1621,
    1834,
    2048
  ],
  "controller_params": {
    "shared": {
      "noise_level": 0.3,
      "temperature": 1e-05,
      "num_knots": 16,
      "num_samples_default": 1024
    },
    "staged": {
      "num_knots_per_stage": 4,
      "kde_bandwidth": 0.1,
      "inverse_density_power": 0.5,
      "state_dim": 2,
      "state_source_field": "qpos"
    },
    "memory": {
      "memory_grid_min": -10.0,
      "memory_grid_max": 10.0,
      "hashgrid_num_levels": 8,
      "hashgrid_table_size": 4096,
      "hashgrid_min_resolution": 40.0,
      "hashgrid_max_resolution": 80.0,
      "online_learning_rate": 0.001,
      "online_update_epochs": 1,
      "online_batch_size": 2,
      "online_anchor_samples": 0,
      "online_new_state_weight": 1.0,
      "goal_value": 0.0,
      "goal_weight": 2000.0
    },
    "pretraining": {
      "pretrain_sample_count": 100000,
      "pretrain_epochs": 101,
      "pretrain_batch_size": 512,
      "pretrain_learning_rate": 0.01,
      "pretrain_target_scale": 1.0
    }
  }
}