{
  "task_name": "ur5e",
  "controller_names": [
    "MPPI",
    "MPPI Density",
    "MPPI Memory",
    "MPPI Density + Memory"
  ],
  "config": {
    "horizons": [
      0.1,
      0.13333333333333336,
      0.16666666666666669,
      0.2,
      0.23333333333333336,
      0.2666666666666667,
      0.30000000000000004,
      0.33333333333333337,
      0.3666666666666667,
      0.4
    ],
    "num_samples_list": [
      32,
      142,
      252,
      362,
      472,
      583,
      693,
      803,
      913,
      1024
    ],
    "sweep_horizon_for_samples": 0.2,
    "num_trials": 50,
    "frequency": 50.0,
    "goal_threshold": 0.4,
    "max_iterations": 1000,
    "record_video": false,
    "video_trial_index": 0,
    "output_tag": "thesis",
    "pretrain_weights_dir": "/home/taowei/Documents/mppi_research/MPPI-Explore/benchmark/senior_thesis_benchmarks/saved_pretrain_weights",
    "controller_params": {
      "shared": {
        "noise_level": 3.0,
        "temperature": 0.01,
        "num_knots": 8,
        "seed": 5,
        "num_samples_default": 512
      },
      "staged": {
        "num_knots_per_stage": 2,
        "kde_bandwidth": 0.08,
        "inverse_density_power": 0.5,
        "state_dim": 3,
        "state_source_field": "site_xpos"
      },
      "memory": {
        "memory_grid_min": -2.0,
        "memory_grid_max": 2.0,
        "hashgrid_num_levels": 8,
        "hashgrid_table_size": 262144,
        "hashgrid_min_resolution": 65.0,
        "hashgrid_max_resolution": 130.0,
        "online_learning_rate": 0.0001,
        "online_update_epochs": 2,
        "online_batch_size": 2,
        "online_anchor_samples": 0,
        "online_new_state_weight": 5.0,
        "goal_value": 0.0,
        "goal_weight": 1000.0
      },
      "pretraining": {
        "pretrain_sample_count": 10000000,
        "pretrain_epochs": 101,
        "pretrain_batch_size": 51200,
        "pretrain_learning_rate": 0.001,
        "pretrain_target_scale": 1.0
      }
    },
    "parallel": "all",
    "max_workers": "20",
    "num_gpus": 2
  },
  "horizons": [
    0.10000000149011612,
    0.13333334028720856,
    0.1666666716337204,
    0.20000000298023224,
    0.23333333432674408,
    0.2666666805744171,
    0.30000001192092896,
    0.3333333432674408,
    0.36666667461395264,
    0.4000000059604645
  ],
  "num_samples_list": [
    32,
    142,
    252,
    362,
    472,
    583,
    693,
    803,
    913,
    1024
  ],
  "controller_params": {
    "shared": {
      "noise_level": 3.0,
      "temperature": 0.01,
      "num_knots": 8,
      "seed": 5,
      "num_samples_default": 512
    },
    "staged": {
      "num_knots_per_stage": 2,
      "kde_bandwidth": 0.08,
      "inverse_density_power": 0.5,
      "state_dim": 3,
      "state_source_field": "site_xpos"
    },
    "memory": {
      "memory_grid_min": -2.0,
      "memory_grid_max": 2.0,
      "hashgrid_num_levels": 8,
      "hashgrid_table_size": 262144,
      "hashgrid_min_resolution": 65.0,
      "hashgrid_max_resolution": 130.0,
      "online_learning_rate": 0.0001,
      "online_update_epochs": 2,
      "online_batch_size": 2,
      "online_anchor_samples": 0,
      "online_new_state_weight": 5.0,
      "goal_value": 0.0,
      "goal_weight": 1000.0
    },
    "pretraining": {
      "pretrain_sample_count": 10000000,
      "pretrain_epochs": 101,
      "pretrain_batch_size": 51200,
      "pretrain_learning_rate": 0.001,
      "pretrain_target_scale": 1.0
    }
  }
}