success_rate,success_time_mean,success_time_std,frequency_mean,frequency_std
0.000000000000000000e+00,0.000000000000000000e+00,0.000000000000000000e+00,1.462383728027343750e+02,5.325420856475830078e+00
